"","OP_CODIGO","OP_PROVINCIA_CODIGO","OP_CANTON_CODIGO","OP_PARROQUIA_CODIGO","OP_TIPO","OP_AMBITO","OP_NOMBRE","OP_SIGLAS","OP_LISTA"
"1",1,0,0,0,"PARTIDOS POLITICOS                                ","NACIONAL                                          ","PARTIDO UNION NACIONAL UNO                                                                                                                                                                              ","UN - UNO                                          ","1         "
"2",2,0,0,0,"PARTIDOS POLITICOS                                ","NACIONAL                                          ","PARTIDO LIBERAL RADICAL ECUATORIANO                                                                                                                                                                     ","PLRE                                              ","2         "
"3",3,0,0,0,"PARTIDOS POLITICOS                                ","NACIONAL                                          ","PARTIDO SOCIEDAD PATRIOTICA 21 DE ENERO                                                                                                                                                                 ","PSP                                               ","3         "
"4",4,0,0,0,"PARTIDOS POLITICOS                                ","NACIONAL                                          ","PARTIDO CONCENTRACION DE FUERZAS POPULARES                                                                                                                                                              ","CFP                                               ","4         "
"5",5,0,0,0,"PARTIDOS POLITICOS                                ","NACIONAL                                          ","PARTIDO DEMOCRACIA POPULAR - UNION DEMOCRATA CRISTIANA                                                                                                                                                  ","DP-UDC                                            ","5         "
"6",6,0,0,0,"PARTIDOS POLITICOS                                ","NACIONAL                                          ","PARTIDO SOCIAL CRISTIANO                                                                                                                                                                                ","PSC                                               ","6         "
"7",7,0,0,0,"PARTIDOS POLITICOS                                ","NACIONAL                                          ","PARTIDO RENOVADOR INSTITUCIONAL ACCION NACIONAL                                                                                                                                                         ","PRIAN                                             ","7         "
"8",10,0,0,0,"PARTIDOS POLITICOS                                ","NACIONAL                                          ","PARTIDO ROLDOSISTA ECUATORIANO                                                                                                                                                                          ","PRE                                               ","10        "
"9",11,0,0,0,"PARTIDOS POLITICOS                                ","NACIONAL                                          ","PARTIDO LIBERTAD                                                                                                                                                                                        ","PL                                                ","11        "
"10",12,0,0,0,"PARTIDOS POLITICOS                                ","NACIONAL                                          ","PARTIDO IZQUIERDA DEMOCRATICA                                                                                                                                                                           ","ID                                                ","12        "
"11",14,0,0,0,"PARTIDOS POLITICOS                                ","NACIONAL                                          ","PARTIDO ALFARISMO NACIONAL                                                                                                                                                                              ","AN                                                ","14        "
"12",15,0,0,0,"PARTIDOS POLITICOS                                ","NACIONAL                                          ","PARTIDO MOVIMIENTO POPULAR DEMOCRATICO                                                                                                                                                                  ","MPD                                               ","15        "
"13",17,0,0,0,"PARTIDOS POLITICOS                                ","NACIONAL                                          ","PARTIDO SOCIALISTA - FRENTE AMPLIO                                                                                                                                                                      ","PS-FA                                             ","17        "
"14",18,0,0,0,"MOVIMIENTOS NACIONALES                            ","NACIONAL                                          ","MOVIMIENTO UNIDAD PLURINACIONAL PACHAKUTIK - NUEVO PAIS                                                                                                                                                 ","MUPP-NP                                           ","18        "
"15",19,0,0,0,"MOVIMIENTOS NACIONALES                            ","NACIONAL                                          ","MOVIMIENTO REALIDAD 2000                                                                                                                                                                                ","MR2000                                            ","19        "
"16",20,0,0,0,"MOVIMIENTOS NACIONALES                            ","NACIONAL                                          ","MOVIMIENTO RENOVACION DEMOCRATICA                                                                                                                                                                       ","MRD                                               ","20        "
"17",21,0,0,0,"MOVIMIENTOS NACIONALES                            ","NACIONAL                                          ","MOVIMIENTO CIUDADANOS NUEVO PAIS                                                                                                                                                                        ","MCNP                                              ","21        "
"18",22,0,0,0,"MOVIMIENTOS NACIONALES                            ","NACIONAL                                          ","MOVIMIENTO TRANSFORMACION SOCIAL INDEPENDIENTE                                                                                                                                                          ","TSI                                               ","22        "
"19",23,0,0,0,"MOVIMIENTOS NACIONALES                            ","NACIONAL                                          ","MOVIMIENTO NUEVO AMANECER                                                                                                                                                                               ","MNA                                               ","23        "
"20",24,0,0,0,"MOVIMIENTOS NACIONALES                            ","NACIONAL                                          ","MOVIMIENTO PATRIA SOLIDARIA                                                                                                                                                                             ","MPS                                               ","24        "
"21",25,0,0,0,"MOVIMIENTOS NACIONALES                            ","NACIONAL                                          ","MOVIMIENTO JUSTICIA                                                                                                                                                                                     ","MJ                                                ","25        "
"22",27,0,0,0,"MOVIMIENTOS NACIONALES                            ","NACIONAL                                          ","MOVIMIENTO INQUILINOS POR LA PATRIA                                                                                                                                                                     ","MIPP                                              ","27        "
"23",28,0,0,0,"MOVIMIENTOS NACIONALES                            ","NACIONAL                                          ","MOVIMIENTO INDEPENDIENTE AMAUTA JATARI                                                                                                                                                                  ","MIAJ                                              ","28        "
"24",29,0,0,0,"MOVIMIENTOS NACIONALES                            ","NACIONAL                                          ","MOVIMIENTO INDEPENDIENTE NACIONAL POR LA CONCERTACION SOCIAL                                                                                                                                            ","MINCS                                             ","29        "
"25",30,0,0,0,"MOVIMIENTOS NACIONALES                            ","NACIONAL                                          ","MOVIMIENTO DE INTEGRACION NACIONAL - MIN                                                                                                                                                                ","MIN                                               ","30        "
"26",32,0,0,0,"MOVIMIENTOS NACIONALES                            ","NACIONAL                                          ","MOVIMIENTO PATRIOTICO SIMON BOLIVAR                                                                                                                                                                     ","MPSM                                              ","32        "
"27",34,0,0,0,"MOVIMIENTOS NACIONALES                            ","NACIONAL                                          ","MOVIMIENTO POR LA SEGUNDA INDEPENDENCIA                                                                                                                                                                 ","MSI                                               ","34        "
"28",35,0,0,0,"MOVIMIENTOS NACIONALES                            ","NACIONAL                                          ","PPPP                                                                                                                                                                                                    ","OPP                                               ","35        "
"29",39,0,0,0,"MOVIMIENTOS NACIONALES                            ","NACIONAL                                          ","MOVIMIENTO ESPERANZA TRANSFORMACION Y  ACCION                                                                                                                                                           ","META                                              ","39        "
"30",40,0,0,0,"MOVIMIENTOS NACIONALES                            ","NACIONAL                                          ","BINOMIO ROLDOS PADILLA                                                                                                                                                                                  ","RP                                                ","40        "
"31",201,0,0,0,"ALIANZAS                                          ","ALIANZA                                           ","PARTIDO LIBERAL RADICAL ECUATORIANO/MOVIMIENTO ESPERANZA TRANSFORMACION Y ACCION                                                                                                                        ","PLRE/META                                         ","2-39      "
"32",202,0,0,0,"ALIANZAS                                          ","ALIANZA                                           ","PARTIDO SOCIEDAD PATRIOTICA 21 DE ENERO/MOVIMIENTO UNIDAD PLURINACIONAL PACHAKUTIK-NUEVO PAIS                                                                                                           ","PSP/MUPP-NP                                       ","3-18      "
"33",10000000041,1,0,0,"MOVIMIENTOS PROVINCIALES                          ","PROVINCIAL                                        ","MOVIMIENTO INDEPENDIENTE FUERZA  AZUAYA DE DESARROLLO                                                                                                                                                   ","MIFAD                                             ","41        "
"34",10000000201,1,0,0,"ALIANZAS                                          ","ALIANZA                                           ","ALIANZA SOCIAL CRISTIANO / IZQUIERDA DEMOCRATICA                                                                                                                                                        ","PSC/ID                                            ","6-12      "
"35",10000000202,1,0,0,"ALIANZAS                                          ","ALIANZA                                           ","ALIANZA MOVIMIENTO POPULAR DEMOCRATICO / SOCIALISTA - FRENTE AMPLIO                                                                                                                                     ","MPD /PS-FA                                        ","15-17     "
"36",12600000045,1,260,0,"MOVIMIENTOS CANTONALES                            ","CANTONAL                                          ","FUERZA ECUATORIANA                                                                                                                                                                                      ","FE                                                ","45        "
"37",12600000048,1,260,0,"MOVIMIENTOS CANTONALES                            ","CANTONAL                                          ","POR TI CUENCA                                                                                                                                                                                           ","PTC                                               ","48        "
"38",15550000042,1,555,0,"MOVIMIENTOS CANTONALES                            ","CANTONAL                                          ","MOVIMIENTO INDEPENDIENTE SOLIDARIO CAMPESINO PUCARA                                                                                                                                                     ","MISCP                                             ","42        "
"39",15560000043,1,556,0,"MOVIMIENTOS CANTONALES                            ","CANTONAL                                          ","MOVIMIENTO FRENTE INDEPENDIENTE PROGRESISTA PONCE ENRIQUEZ                                                                                                                                              ","MFIPPE                                            ","43        "
"40",15560000044,1,556,0,"MOVIMIENTOS CANTONALES                            ","CANTONAL                                          ","MOVIMIENTO Y ACCION DE PUEBLOS ORGANIZADOS                                                                                                                                                              ","MAPO                                              ","44        "
"41",15560000047,1,556,0,"MOVIMIENTOS CANTONALES                            ","CANTONAL                                          ","MOVIMIENTO INDEPENDIENTE DE ACCION PARTICIPATIVA                                                                                                                                                        ","MIAP                                              ","47        "
"42",15560000203,1,556,0,"ALIANZAS                                          ","ALIANZA                                           ","ALIANZA                                                                                                                                                                                                 ","DP-UDC/MAPO                                       ","5-44      "
"43",15560000204,1,556,0,"ALIANZAS                                          ","ALIANZA                                           ","ALIANZA SOCIAL CRISTIANO / MOVIMIENTO FRENTE  INDEPENDIENTE PROGRESISTA PONCE ENRIQUEZ                                                                                                                  ","PSC/MFIPPE                                        ","6-43      "
"44",19900000049,1,990,0,"MOVIMIENTOS CANTONALES                            ","CANTONAL                                          ","ASAMBLEAS DE FISCALIZACION GESTION Y TRANSPARENCIA GUACHAPALA                                                                                                                                           ","AFG                                               ","49        "
"45",20000000042,2,0,0,"MOVIMIENTOS PROVINCIALES                          ","PROVINCIAL                                        ","MOVIMIENTO INDEPENDENCIA BOLIVARIANA                                                                                                                                                                    ","MIB                                               ","42        "
"46",20000000201,2,0,0,"ALIANZAS                                          ","ALIANZA                                           ","ALIANZA GRAN ALIANZA PROVINCIAL                                                                                                                                                                         ","UN - UNO/AN                                       ","1-14      "
"47",20000000202,2,0,0,"ALIANZAS                                          ","ALIANZA                                           ","ALIANZA BOLIVARIANA                                                                                                                                                                                     ","TSI /MIB                                          ","22-42     "
"48",20000000203,2,0,0,"ALIANZAS                                          ","ALIANZA                                           ","PEPITO                                                                                                                                                                                                  ","MIB /MR2000                                       ","42-19     "
"49",30000000041,3,0,0,"MOVIMIENTOS PROVINCIALES                          ","PROVINCIAL                                        ","MOVIMIENTO INDEPENDIENTE ALLI KAUSAY                                                                                                                                                                    ","MIAK                                              ","41        "
"50",30000000201,3,0,0,"ALIANZAS                                          ","ALIANZA                                           ","1-4-5                                                                                                                                                                                                   ","UN - UNO/CFP/DP-UDC                               ","1-4-5     "
"51",30000000202,3,0,0,"ALIANZAS                                          ","ALIANZA                                           ","UNIDAD POPULAR                                                                                                                                                                                          ","MPD /PS-FA                                        ","15-17     "
"52",32350000203,3,235,0,"ALIANZAS                                          ","ALIANZA                                           ","ALIANZA UNION NACIONAL/DEMOCRACIA POPULAR -UNION DEMOCRATA CRISTIANA                                                                                                                                    ","UN - UNO/DP-UDC                                   ","1-5       "
"53",40000000041,4,0,0,"MOVIMIENTOS PROVINCIALES                          ","PROVINCIAL                                        ","MOVIMIENTO DE IDENTIDAD CARCHENSE                                                                                                                                                                       ","M.I.C.                                            ","41        "
"54",40000000042,4,0,0,"MOVIMIENTOS PROVINCIALES                          ","PROVINCIAL                                        ","MOVIMIENTO INDEPENDIENTE TRABAJO Y DEMOCRACIA                                                                                                                                                           ","T.D.                                              ","42        "
"55",40000000201,4,0,0,"ALIANZAS                                          ","ALIANZA                                           ","NUEVA ALTERNATIVA 6-14                                                                                                                                                                                  ","PSC/AN                                            ","6-14      "
"56",40000000202,4,0,0,"ALIANZAS                                          ","ALIANZA                                           ","LISTAS 10-5                                                                                                                                                                                             ","PRE /DP-UDC                                       ","10-5      "
"57",40000000203,4,0,0,"ALIANZAS                                          ","ALIANZA                                           ","IZQUIERDA UNIDA                                                                                                                                                                                         ","MPD /PS-FA                                        ","15-17     "
"58",40150000043,4,15,0,"MOVIMIENTOS CANTONALES                            ","CANTONAL                                          ","MOVIMIENTO INTEGRACION POPULAR                                                                                                                                                                          ","M.I.P                                             ","43        "
"59",50000000201,5,0,0,"ALIANZAS                                          ","ALIANZA                                           ","ALIANZA CONCENTRACION DE FUERZAS POPULARES/SOCIALISTA - FRENTE AMPLIO                                                                                                                                   ","CFP/PS-FA                                         ","4-17      "
"60",50000000202,5,0,0,"ALIANZAS                                          ","ALIANZA                                           ","ALIANZA SOCIAL CRISTIANO/ALFARISMO NACIONAL                                                                                                                                                             ","PSC/AN                                            ","6-14      "
"61",60000000041,6,0,0,"MOVIMIENTOS PROVINCIALES                          ","PROVINCIAL                                        ","MOVIMIENTO ACCION INDEPENDIENTE                                                                                                                                                                         ","MAI                                               ","41        "
"62",60000000043,6,0,0,"MOVIMIENTOS PROVINCIALES                          ","PROVINCIAL                                        ","MOVIMIENTO ALIANZA DEL PUEBLO                                                                                                                                                                           ","MAP                                               ","43        "
"63",60000000046,6,0,0,"MOVIMIENTOS PROVINCIALES                          ","PROVINCIAL                                        ","PARTICIPACION Y ACCION INDEPENDIENTE                                                                                                                                                                    ","PAN                                               ","46        "
"64",60000000050,6,0,0,"MOVIMIENTOS NACIONALES                            ","NACIONAL                                          ","PROYECTO PATRIOTICO POPULAR                                                                                                                                                                             ","PPP                                               ","50        "
"65",60000000051,6,0,0,"MOVIMIENTOS NACIONALES                            ","NACIONAL                                          ","MOVIMIENTO FUERZA ACTIVA DEL DESARROLLO ECUATORIANO                                                                                                                                                     ","FADE                                              ","51        "
"66",60000000201,6,0,0,"ALIANZAS                                          ","ALIANZA                                           ","ALIANZA CONCENTRACION DE FUERZAS POPULARES/MOVIMIENTO CIUDADANO NUEVO PAIS                                                                                                                              ","CFP/MCNP                                          ","4-21      "
"67",60000000202,6,0,0,"ALIANZAS                                          ","ALIANZA                                           ","ALIANZA SOCIALISTA -FRENTE AMPLIO/MOVIMIENTO MINGA 2000                                                                                                                                                 ","PS-FA /MIN2000                                    ","17-47     "
"68",61900000203,6,190,0,"ALIANZAS                                          ","ALIANZA                                           ","ALIANZA SOCIEDAD PATRIOTICA 21 DE ENERO/MOVIMIENTO POPULAR DEMOCRATICO                                                                                                                                  ","PSP/MPD                                           ","3-15      "
"69",62050000047,6,205,0,"MOVIMIENTOS CANTONALES                            ","CANTONAL                                          ","MINGA 2000                                                                                                                                                                                              ","MIN2000                                           ","47        "
"70",62050000204,6,205,0,"ALIANZAS                                          ","ALIANZA                                           ","ALIANZA                                                                                                                                                                                                 ","ID /AN                                            ","12-14     "
"71",62050000205,6,205,0,"ALIANZAS                                          ","ALIANZA                                           ","ALIANZA                                                                                                                                                                                                 ","MIN2000 /PS-FA                                    ","47-17     "
"72",62100000044,6,210,0,"MOVIMIENTOS CANTONALES                            ","CANTONAL                                          ","MOVIMIENTO DE UNIDAD CORONEL ""AMBROSIO LASSO""                                                                                                                                                           ","MUCAL                                             ","44        "
"73",62100000206,6,210,0,"ALIANZAS                                          ","ALIANZA                                           ","ALIANZA                                                                                                                                                                                                 ","DP-UDC/MUCAL                                      ","5-44      "
"74",62150000207,6,215,0,"ALIANZAS                                          ","ALIANZA                                           ","ALIANZA                                                                                                                                                                                                 ","CFP/PSC                                           ","4-6       "
"75",62150000208,6,215,0,"ALIANZAS                                          ","ALIANZA                                           ","ALIANZA                                                                                                                                                                                                 ","DP-UDC/MAI                                        ","5-41      "
"76",62200000209,6,220,0,"ALIANZAS                                          ","ALIANZA                                           ","ALIANZA SOCIALISTA FRENTE AMPLIO/SOCIEDAD PATRIOTICA 21 DE ENERO                                                                                                                                        ","PS-FA /PSP                                        ","17-3      "
"77",70000000041,7,0,0,"MOVIMIENTOS PROVINCIALES                          ","PROVINCIAL                                        ","MOVIMIENTO CIVICO INDEPENDIENTE                                                                                                                                                                         ","MCI                                               ","41        "
"78",70000000043,7,0,0,"MOVIMIENTOS PROVINCIALES                          ","PROVINCIAL                                        ","MOVIMIENTO PARA EL PUEBLO                                                                                                                                                                               ","MPP                                               ","43        "
"79",70000000044,7,0,0,"MOVIMIENTOS PROVINCIALES                          ","PROVINCIAL                                        ","MOVIMIENTO CIVICO FUERZA ORENSE                                                                                                                                                                         ","MCFO                                              ","44        "
"80",70000000201,7,0,0,"ALIANZAS                                          ","ALIANZA                                           ","ALIANZA UNION NACIONAL UNO / MOVIMIENTO CIVICO INDEPENDIENTE                                                                                                                                            ","UN - UNO/MCI                                      ","1-41      "
"81",70000000202,7,0,0,"ALIANZAS                                          ","ALIANZA                                           ","ALIANZA LIBERAL RADICAL ECUATORIANO /ALFARISMO NACIONAL                                                                                                                                                 ","PLRE/AN                                           ","2-14      "
"82",70000000203,7,0,0,"ALIANZAS                                          ","ALIANZA                                           ","ALIANZA SOCIEDAD PATRIOTICA 21 DE ENERO/MOVIMIENTO UNIDAD PLURINACIONAL PACHAKUTIK - NUEVO PAIS / MOVIMIENTO PUEBLO PARA EL PUEBLO                                                                      ","PSP/MUPP-NP /MPP                                  ","3-18-43   "
"83",73500000045,7,350,0,"MOVIMIENTOS CANTONALES                            ","CANTONAL                                          ","                                                                                                                                                                                                        ","                                                  ","45        "
"84",73550000204,7,355,0,"ALIANZAS                                          ","ALIANZA                                           ","ALIANZA                                                                                                                                                                                                 ","MCNP /UN - UNO                                    ","21-1      "
"85",73550000205,7,355,0,"ALIANZAS                                          ","ALIANZA                                           ","ALIANZA MOVIMIENTO CIUDADANOS NUEVO PAIS/MOVIMIENTO CIVICO INDEPENDIENTE/UNION NACIONAL -UNO                                                                                                            ","MCNP /MCI /UN - UNO                               ","21-41-1   "
"86",75850000206,7,585,0,"ALIANZAS                                          ","ALIANZA                                           ","ALIANZA POPULAR CHILLA 2002                                                                                                                                                                             ","ID - MPDID /MPD                                   ","12-15     "
"87",76900000207,7,690,0,"ALIANZAS                                          ","ALIANZA                                           ","ALIANZA                                                                                                                                                                                                 ","PRE /DP-UDC                                       ","10-5      "
"88",76950000042,7,695,0,"MOVIMIENTOS CANTONALES                            ","CANTONAL                                          ","                                                                                                                                                                                                        ","FIMA                                              ","42        "
"89",77050000208,7,705,0,"ALIANZAS                                          ","ALIANZA                                           ","ALIANZA DEMOCRACIA POPULAR- UNION DEMOCRATA CRISTIANA/IZQUIERDA DEMOCRATICA                                                                                                                             ","DP-UDC/ID                                         ","5-12      "
"90",78600000209,7,860,0,"ALIANZAS                                          ","ALIANZA                                           ","ALIANZA CONCENTRACION FUERZAS POPULARES / MOVIMIENTO PATRIA SOLIDARIA                                                                                                                                   ","CFP/MPS                                           ","4-24      "
"91",78750000210,7,875,0,"ALIANZAS                                          ","ALIANZA                                           ","ALIANZA LIBERAL RADICAL ECUATORIANO/ALFARISMO NACIONAL/MOVIMIENTO POPULAR DEMOCRATICO                                                                                                                   ","PLRE/AN /MPD                                      ","2-14-15   "
"92",80000000041,8,0,0,"MOVIMIENTOS PROVINCIALES                          ","PROVINCIAL                                        ","MUJERES AL PODER                                                                                                                                                                                        ","MUJERES AL PODER                                  ","41        "
"93",80000000042,8,0,0,"MOVIMIENTOS PROVINCIALES                          ","PROVINCIAL                                        ","MOVIMIENTO INDEPENDIENTE AFRO ESMERALDEÑO RAICES                                                                                                                                                       ","MAER                                              ","42        "
"94",80000000043,8,0,0,"MOVIMIENTOS PROVINCIALES                          ","PROVINCIAL                                        ","MOVIMIENTO INDEPENDIENTE ACCION NUEVA                                                                                                                                                                   ","MIAN                                              ","43        "
"95",80000000201,8,0,0,"ALIANZAS                                          ","ALIANZA                                           ","ALIANZA UNIDAD ESMERALDEÑA                                                                                                                                                                             ","DP-UDC/MIN                                        ","5-30      "
"96",85700000202,8,570,0,"ALIANZAS                                          ","ALIANZA                                           ","ALIANZA IZQUIERDA DEMOCRATICA / DEMOCRACIA POPULAR - UNION DEMOCRATA CRISTIANA                                                                                                                          ","ID /DP-UDC                                        ","12-5      "
"97",90000000043,9,0,0,"MOVIMIENTOS PROVINCIALES                          ","PROVINCIAL                                        ","MOVIMIENTO INDEPENDIENTE NUEVO HORIZONTE                                                                                                                                                                ","MNH                                               ","43        "
"98",90000000044,9,0,0,"MOVIMIENTOS PROVINCIALES                          ","PROVINCIAL                                        ","ALIANZA POLITICA INDEPENDIENTE ECUATORIANA                                                                                                                                                              ","APIE                                              ","44        "
"99",90000000048,9,0,0,"MOVIMIENTOS PROVINCIALES                          ","PROVINCIAL                                        ","UNION DEMOCRATA CRISTIANA                                                                                                                                                                               ","UDC                                               ","48        "
"100",90950000050,9,95,0,"MOVIMIENTOS CANTONALES                            ","CANTONAL                                          ","MOVIMIENTO INDEPENDIENTE PROGRESISTA BALOENSE                                                                                                                                                           ","MPB                                               ","50        "
"101",94250000201,9,425,0,"ALIANZAS                                          ","ALIANZA                                           ","ALIANZA DEMOCRACIA POPULAR-UNION DEMOCRATA CRISTIANA/SOCIALISTA FRENTE AMPLIO                                                                                                                           ","DP-UDC/PS-FA                                      ","5-17      "
"102",94300000202,9,430,0,"ALIANZAS                                          ","ALIANZA                                           ","ALIANZA CONCENTRACION DE FUERZAS POPULARES/MOVIMIENTO UNIDAD PLURINACIONAL PACHAKUTIK-NUEVO PAIS                                                                                                        ","CFP/MUPP-NP                                       ","4-18      "
"103",100000000201,10,0,0,"ALIANZAS                                          ","ALIANZA                                           ","ALIANZA UNION NACIONAL - UNO / DEMOCRACIA POPULAR - UNION DEMOCRATA CRISTIANA                                                                                                                           ","UN - UNO/DP-UDC                                   ","1-5       "
"104",100000000202,10,0,0,"ALIANZAS                                          ","ALIANZA                                           ","UNIDAD PATRIOTICA POPULAR                                                                                                                                                                               ","PSP/MPD                                           ","3-15      "
"105",100000000203,10,0,0,"ALIANZAS                                          ","ALIANZA                                           ","UNIDAD IMBABUREÑA                                                                                                                                                                                      ","PSC/AN                                            ","6-14      "
"106",100350000042,10,35,0,"MOVIMIENTOS CANTONALES                            ","CANTONAL                                          ","MOVIMIENTO INDEPENDIENTE ECUADOR RUMIÑAHUI                                                                                                                                                             ","MIER                                              ","42        "
"107",100500000041,10,50,0,"MOVIMIENTOS CANTONALES                            ","CANTONAL                                          ","MOVIMIENTO INDEDPENDIENTE TIERRA NUESTRA                                                                                                                                                                ","M-TNT                                             ","41        "
"108",100500000204,10,50,0,"ALIANZAS                                          ","ALIANZA                                           ","UNIDAD CANTONAL                                                                                                                                                                                         ","DP-UDC/PSC/AN                                     ","5-6-14    "
"109",110000000042,11,0,0,"MOVIMIENTOS PROVINCIALES                          ","PROVINCIAL                                        ","MOVIMIENTO DE INTEGRACION REGIONAL ECUATORIANO                                                                                                                                                          ","MIRE                                              ","42        "
"110",110000000201,11,0,0,"ALIANZAS                                          ","ALIANZA                                           ","ALIANZA IZQUIERDA DEMOCRATICA / MOVIMIENTO DE INTEGRACION REGIONAL ECUATORIANO                                                                                                                          ","ID/MIRE                                           ","12-42     "
"111",113100000202,11,310,0,"ALIANZAS                                          ","ALIANZA                                           ","ALIANZA MOVIMIENTO POPULAR DEMOCRATICO/SOCIALISTA-FRENTE AMPLIO                                                                                                                                         ","MPD /PS-FA MPD /PS-FA                             ","15-17     "
"112",113110000203,11,311,0,"ALIANZAS                                          ","ALIANZA                                           ","ALIANZA MOVIMIENTO POPULAR DEMOCRATICO/ SOCIALISTA-FRENTE AMPLIO                                                                                                                                        ","MPD /PS-FA                                        ","15-17     "
"113",113150000204,11,315,0,"ALIANZAS                                          ","ALIANZA                                           ","ALIANZA SOCIEDAD PATRIOTICA 21 DE ENERO/MOVIMIENTO POPULAR DEMOCRATICO/SOCIALISTA FRENTE AMPLIO                                                                                                         ","PSP/MPD /PS-FA                                    ","3-15-17   "
"114",113250000205,11,325,0,"ALIANZAS                                          ","ALIANZA                                           ","ALIANZA LIBERAL RADICAL ECUATORIANO/CONCENTRACION DE FUERZAS POPULARES                                                                                                                                  ","PLRE/CFP                                          ","2-4       "
"115",113250000206,11,325,0,"ALIANZAS                                          ","ALIANZA                                           "," ALIANZA MOVIMIENTO POPULAR DEMOCRATICO/SOCIALISTA FRENTE AMPLIO                                                                                                                                        ","MPD /PS-FA                                        ","15-17     "
"116",113300000207,11,330,0,"ALIANZAS                                          ","ALIANZA                                           ","ALIANZA MOVIMIENTO POPULAR DEMOCRATICO/SOCIALISTA FRENTE AMPLIO/SOCIEDAD PATRIOTICA 21 DE ENERO                                                                                                         ","MPD/PS-FA/PSP                                     ","15-17-3   "
"117",113350000208,11,335,0,"ALIANZAS                                          ","ALIANZA                                           ","ALIANZA MOVIMIENTO POPULAR DEMOCRATICO /SOCIALISTA- FRENTE AMPLIO                                                                                                                                       ","MPD /PS-FA                                        ","15-17     "
"118",113400000209,11,340,0,"ALIANZAS                                          ","ALIANZA                                           ","ALIANZA MOVIMIENTO POPULAR DEMOCRATICO/SOCIALISTA-FRENTE AMPLIO                                                                                                                                         ","MPD /PS-FA                                        ","15-17     "
"119",113450000210,11,345,0,"ALIANZAS                                          ","ALIANZA                                           ","ALIANZA MOVIMIENTO POPULAR DEMOCRATICO/SOCIALISTA - FRENTE AMPLIO                                                                                                                                       ","MPD /PS-FA                                        ","15-17     "
"120",117300000211,11,730,0,"ALIANZAS                                          ","ALIANZA                                           ","ALIANZA MOVIMIENTO POPULAR DEMOCRATICO/SOCIEDAD PATRIOTICA 21 DE ENERO                                                                                                                                  ","MPD/PSP                                           ","15-3      "
"121",117400000043,11,740,0,"MOVIMIENTOS CANTONALES                            ","CANTONAL                                          ","FRENTE DE ACCION Y DESARROLLO QUILANGUENSE                                                                                                                                                              ","FADQ                                              ","43        "
"122",118150000212,11,815,0,"ALIANZAS                                          ","ALIANZA                                           ","ALIANZA MOVIMIENTO POPULAR DEMOCRATICO/SOCIALISTA FRENTE AMPLIO                                                                                                                                         ","MPD /PS-FA                                        ","15-17     "
"123",120000000201,12,0,0,"ALIANZAS                                          ","ALIANZA                                           ","ALIANZA SOCIEDAD PATRIOTICA 21 DE ENERO / MOVIMIENTO POPULAR DEMOCRATICO                                                                                                                                ","PSP/MPD                                           ","3-15      "
"124",120000000202,12,0,0,"ALIANZAS                                          ","ALIANZA                                           ","ALIANZA SOCIEDAD PATRIOTICA -MPD-PACHAKUTIK                                                                                                                                                             ","PSP/MPD /MUPP-NP                                  ","3-15-18   "
"125",120000000203,12,0,0,"ALIANZAS                                          ","ALIANZA                                           ","ALIANZA MPD-SOCIEDAD PATRIOTICA-UNIDAD PLURINACIONAL                                                                                                                                                    ","MPD /PSP/MUPP-NP                                  ","15-3-18   "
"126",120000000204,12,0,0,"ALIANZAS                                          ","ALIANZA                                           ","ALIANZA MPD-PACHAKUTIK                                                                                                                                                                                  ","MPD /MUPP-NP                                      ","15-18     "
"127",120000000205,12,0,0,"ALIANZAS                                          ","ALIANZA                                           ","ALIANZA SOCIALISTA FRENTE AMPLIO-DEMOCRACIA POPULAR                                                                                                                                                     ","PS-FA /DP-UDC                                     ","17-5      "
"128",125400000206,12,540,0,"ALIANZAS                                          ","ALIANZA                                           ","ALIANZA MOVIMIENTO UNIDAD PLURINACIONAL PACHAKUTIK-NUEVO PAIS/ SOCIEDAD PATRIOTICA  21 DE ENERO                                                                                                         ","MUPP-NP /PSP                                      ","18-3      "
"129",130000000041,13,0,0,"MOVIMIENTOS PROVINCIALES                          ","PROVINCIAL                                        ","MOVIMIENTO ARTESANAL POLITICO ECUATORIANO                                                                                                                                                               ","M.A.P.E.                                          ","41        "
"130",130000000201,13,0,0,"ALIANZAS                                          ","ALIANZA                                           ","ALIANZA                                                                                                                                                                                                 ","PSP/MUPP-NP /AN                                   ","3-18-14   "
"131",134400000045,13,440,0,"MOVIMIENTOS CANTONALES                            ","CANTONAL                                          ","MOVIMIENTO POLITICO DE LIBERACION NACIONAL                                                                                                                                                              ","MPLN                                              ","45        "
"132",134500000042,13,450,0,"MOVIMIENTOS CANTONALES                            ","CANTONAL                                          ","MOVIMIENTO INDEPENDIENTE ULTIMA CUMBRE                                                                                                                                                                  ","MIUC                                              ","42        "
"133",134500000044,13,450,0,"MOVIMIENTOS CANTONALES                            ","CANTONAL                                          ","MOVIMIENTO INDEPENDIENTE SOLUCION ECUATORIANA                                                                                                                                                           ","MISE                                              ","44        "
"134",134550000043,13,455,0,"MOVIMIENTOS CANTONALES                            ","CANTONAL                                          ","FRENTE REVOLUCIONARIO INDEPENDIENTE UNIVERSITARIO DE JIPIJAPA                                                                                                                                           ","FRIU-J                                            ","43        "
"135",134600000046,13,460,0,"MOVIMIENTOS CANTONALES                            ","CANTONAL                                          ","MOVIMIENTO CAMPESINO INDEPENDIENTE                                                                                                                                                                      ","MIC                                               ","46        "
"136",140000000041,14,0,0,"MOVIMIENTOS PROVINCIALES                          ","PROVINCIAL                                        ","MOVIMIENTO DE INTEGRACION CAMPESINA DE MORONA SANTIAGO                                                                                                                                                  ","MICMS                                             ","41        "
"137",140000000042,14,0,0,"MOVIMIENTOS PROVINCIALES                          ","PROVINCIAL                                        ","MOVIMIENTO POLITICO DE UNIDAD PROVINCIAL INDEPENDIENTE                                                                                                                                                  ","UPI                                               ","42        "
"138",140000000201,14,0,0,"ALIANZAS                                          ","ALIANZA                                           ","ALIANZA SOCIEDAD PATRIOTICA 21 DE ENERO / MOVIMIENTO AMAUTA JATARI                                                                                                                                      ","PSP/MIAJ                                          ","3-28      "
"139",140000000202,14,0,0,"ALIANZAS                                          ","ALIANZA                                           ","ALIANZA CONCERTACION PROVINCIAL                                                                                                                                                                         ","DP-UDC/ID                                         ","5-12      "
"140",140000000203,14,0,0,"ALIANZAS                                          ","ALIANZA                                           ","ALIANZA EL PUEBLO AL PODER                                                                                                                                                                              ","PRE /UPI                                          ","10-42     "
"141",140000000204,14,0,0,"ALIANZAS                                          ","ALIANZA                                           ","ALIANZA                                                                                                                                                                                                 ","ID /DP-UDC                                        ","12-5      "
"142",146000000205,14,600,0,"ALIANZAS                                          ","ALIANZA                                           ","ALIANZA SOCIEDAD PATRIOTICA 21 DE ENERO/ROLDOSISTA ECUATORIANO/MOVIMIENTO UNIDAD PROVINCIAL INDEPENDIENTE/ALFARISMO NACIONAL                                                                            ","PSP/PRE /UPI /AN                                  ","3-10-42-14"
"143",146000000206,14,600,0,"ALIANZAS                                          ","ALIANZA                                           ","ALIANZA MOVIMIENTO DE INTEGRACION CAMPESINA / DEMOCRACIA POPULAR - UNION DEMOCRATA CRISTIANA                                                                                                            ","MICMS /DP-UDC                                     ","41-5      "
"144",149250000207,14,925,0,"ALIANZAS                                          ","ALIANZA                                           ","ALIANZA ROLDOSISTA ECUATORIANO/MOVIMIENTO UNIDAD PROVINCIAL INDEPENDIENTE/ALFARISMO NACIONAL                                                                                                            ","PRE /UPI /AN                                      ","10-42-14  "
"145",150000000041,15,0,0,"MOVIMIENTOS PROVINCIALES                          ","PROVINCIAL                                        ","MOVIMIENTO  ALIANZA AMAZONICA                                                                                                                                                                           ","MAA                                               ","41        "
"146",150000000201,15,0,0,"ALIANZAS                                          ","ALIANZA                                           ","ALIANZA PARTIDO SOCIEDAD PATRIOTICA 21 DE ENERO / MOVIMIENTO POPULAR DEMOCRATICO                                                                                                                        ","PSP/MPD                                           ","3-15      "
"147",150000000202,15,0,0,"ALIANZAS                                          ","ALIANZA                                           ","ALIANZA ALFARISMO NACIONAL /ALIANZA AMAZONICA                                                                                                                                                           ","AN /MAA                                           ","14-41     "
"148",150000000203,15,0,0,"ALIANZAS                                          ","ALIANZA                                           ","ALIANZA MOVIMIENTO UNIDAD PLURINACIONAL PACHAKUTIK NUEVO PAIS / CONCENTRACION DE FUERZAS POPULARES                                                                                                      ","MUPP-NP /CFP                                      ","18-4      "
"149",152550000204,15,255,0,"ALIANZAS                                          ","ALIANZA                                           ","ALIANZA MOVIMIENTO POPULAR DEMOCRATICO / PARTIDO SOCIEDAD PATRIOTICA 21 DE ENERO                                                                                                                        ","MPD /PSP                                          ","15-3      "
"150",156350000205,15,635,0,"ALIANZAS                                          ","ALIANZA                                           ","ALIANZA MOVIMIENTO POPULAR DEMOCRATICO/MOVIMIENTO UNIDAD PLURINACIONAL PACHAKUTIK -NUEVO PAIS                                                                                                           ","MPD /MUPP-NP                                      ","15-18     "
"151",160000000041,16,0,0,"MOVIMIENTOS PROVINCIALES                          ","PROVINCIAL                                        ","MOVIMIENTO INDEPENDIENTE EDUARDO VASCONEZ                                                                                                                                                               ","MIEV                                              ","41        "
"152",160000000201,16,0,0,"ALIANZAS                                          ","ALIANZA                                           ","ALIANZA                                                                                                                                                                                                 ","UN - UNO/PSC                                      ","1-6       "
"153",160000000202,16,0,0,"ALIANZAS                                          ","ALIANZA                                           ","ALIANZA                                                                                                                                                                                                 ","PS-FA /CFP                                        ","17-4      "
"154",170000000042,17,0,0,"MOVIMIENTOS PROVINCIALES                          ","PROVINCIAL                                        ","MOVIMIENTO INDEPENDIENTE TRANSFORMACION NACIONAL                                                                                                                                                        ","MITN                                              ","42        "
"155",170000000044,17,0,0,"MOVIMIENTOS PROVINCIALES                          ","PROVINCIAL                                        ","UNIDAD PATRIOTICA DEL PUEBLO                                                                                                                                                                            ","UPP                                               ","44        "
"156",180000000042,18,0,0,"MOVIMIENTOS PROVINCIALES                          ","PROVINCIAL                                        ","MOVIMIENTO INDEPENDIENTE FRENTE CIVICO POR AMBATO Y TUNGURAHUA                                                                                                                                          ","MIFC                                              ","42        "
"157",180000000201,18,0,0,"ALIANZAS                                          ","ALIANZA                                           ","ALIANZA FRENTE PATRIOTICO                                                                                                                                                                               ","PSP/MPD                                           ","3-15      "
"158",180000000202,18,0,0,"ALIANZAS                                          ","ALIANZA                                           ","ALIANZA ROLDOSISTA ECUATORIANO/MOVIMIENTO INDEPENDIENTE AMAUTA JATARI                                                                                                                                   ","PRE /MIAJ                                         ","10-28     "
"159",180000000203,18,0,0,"ALIANZAS                                          ","ALIANZA                                           ","ALIANZA FRENTE CIVICO POR UN NUEVO PAIS                                                                                                                                                                 ","MCNP /MIFC                                        ","21-42     "
"160",180000000204,18,0,0,"ALIANZAS                                          ","ALIANZA                                           ","ALIANZA FRENTE CIVICO CIUDADANOS NUEVO PAIS                                                                                                                                                             ","MIFC /MCNP                                        ","42-21     "
"161",181450000041,18,145,0,"MOVIMIENTOS CANTONALES                            ","CANTONAL                                          ","MOVIMIENTO INDEPENDIENTE PILLAREÑO                                                                                                                                                                     ","MIP                                               ","41        "
"162",181450000205,18,145,0,"ALIANZAS                                          ","ALIANZA                                           ","ALIANZA FRENTE PATRIOTICO                                                                                                                                                                               ","PSP/MPD /MUPP-NP                                  ","3-15-18   "
"163",181500000043,18,150,0,"MOVIMIENTOS CANTONALES                            ","CANTONAL                                          ","MOVIMIENTO INDEPENDIENTE UNIDAD BANEÑA                                                                                                                                                                 ","MIUB                                              ","43        "
"164",181500000206,18,150,0,"ALIANZAS                                          ","ALIANZA                                           ","ALIANZA UNIDAD BANEÑA                                                                                                                                                                                  ","PS-FA /MCNP /MIFC                                 ","17-21-42  "
"165",181550000207,18,155,0,"ALIANZAS                                          ","ALIANZA                                           ","ALIANZA FRENTE CIVICO PACHAKUTIK NUEVO PAIS                                                                                                                                                             ","MUPP-NP /MCNP /MIFC                               ","18-21-42  "
"166",190000000042,19,0,0,"MOVIMIENTOS PROVINCIALES                          ","PROVINCIAL                                        ","MOVIMIENTO PROGRESISTA ZAMORA CHINCHIPE                                                                                                                                                                 ","MPZCH                                             ","42        "
"167",190000000201,19,0,0,"ALIANZAS                                          ","ALIANZA                                           ","ALIANZA PROGRESISTA                                                                                                                                                                                     ","CFP/ID /AN /MPZCH                                 ","4-12-14-42"
"168",190000000202,19,0,0,"ALIANZAS                                          ","ALIANZA                                           ","ALIANZA PROVINCIAL MOVIMIENTO DE UNIDAD PLURINACIONAL PACHAKUTIK Y PARTIDO SOCIALISTA FRENTE AMPLIO                                                                                                     ","PS-FA /MUPP-NP                                    ","17-18     "
"169",196550000043,19,655,0,"MOVIMIENTOS CANTONALES                            ","CANTONAL                                          ","MOVIMIENTO INDEPENDIENTE NUEVO ZAMORA                                                                                                                                                                   ","MINZA                                             ","43        "
"170",200000000042,20,0,0,"MOVIMIENTOS PROVINCIALES                          ","PROVINCIAL                                        ","MOVIMIENTO DE IDENTIDAD PROVINCIAL                                                                                                                                                                      ","MIP                                               ","42        "
"171",210000000041,21,0,0,"MOVIMIENTOS PROVINCIALES                          ","PROVINCIAL                                        ","MOVIMIENTO INDEPENDIENTE AMAZONICO                                                                                                                                                                      ","M.I.A.                                            ","41        "
"172",210000000201,21,0,0,"ALIANZAS                                          ","ALIANZA                                           ","ALIANZA IZQUIERDA DEMOCRATICA/MOVIMIENTO INDEPENDIENTE AMAZONICO M.I.A                                                                                                                                  ","ID /M.I.A.                                        ","12-41     "
"173",210000000202,21,0,0,"ALIANZAS                                          ","ALIANZA                                           ","ALIANZA MOVIMIENTO UNIDAD PLURINACIIONAL PACHAKUTIK -NUEVO PAIS/MOVIMIENTO CIUDADANOS NUEVO PAIS                                                                                                        ","MUPP-NP /MCNP                                     ","18-21     "
"174",220000000042,22,0,0,"MOVIMIENTOS PROVINCIALES                          ","PROVINCIAL                                        ","MOVIMIENTO DE INTEGRACION PROVINCIAL                                                                                                                                                                    ","MIP                                               ","42        "
"175",220000000060,22,0,0,"MOVIMIENTOS PROVINCIALES                          ","PROVINCIAL                                        ","ALIANZA AMAZONICA                                                                                                                                                                                       ","AA                                                ","60        "
"176",220000000201,22,0,0,"ALIANZAS                                          ","ALIANZA                                           ","ALIANZA UNION NACIONAL - UNO/ CONCENTRACION DE FUERZAS POPULARES                                                                                                                                        ","UN - UNO/CFP                                      ","1-4       "
"177",220000000202,22,0,0,"ALIANZAS                                          ","ALIANZA                                           ","ALIANZA IZQUIERDA DEMOCRATICA/MOVIMIENTO CIUDADANOS NUEVO PAIS                                                                                                                                          ","ID /MCNP                                          ","12-21     "
"178",220000000203,22,0,0,"ALIANZAS                                          ","ALIANZA                                           ","ALIANZA INTEGRACIÓN MUSHUK INTI                                                                                                                                                                        ","AN /PS-FA /DP-UDC                                 ","14-17-5   "
"179",220000000204,22,0,0,"ALIANZAS                                          ","ALIANZA                                           ","ALIANZA MOVIMIENTO DE INTEGRACION PROVINCIAL/PARTIDO ROLDOSISTA ECUATORIANO                                                                                                                             ","MIP /PRE                                          ","42-10     "
"180",226450000205,22,645,0,"ALIANZAS                                          ","ALIANZA                                           ","ALIANZA INTEGRACION MUSHUK INTI                                                                                                                                                                         ","AN /PS-FA /DP-UDC/MIAJ                            ","14-17-5-28"
